title,price,url
"New Lamp Cover 3550JJ1070B for LG Fridge LFD25860ST, GRF258JTKA, LFX23961ST ",$12.73,https://www.ebay.com/itm/385562331394?hash=item59c54e4902:g:woQAAOSwXbNkQnW8&amdata=enc%3AAQAIAAAA4LxhE4vczhTxh9shIK2IFCrFXyEWcaR9bxcX00QHwzl0znoM4CSJBcRnSULllacR2056dCY%2BO8UXjokNVvNdJhTBhgZIkve9al99OQlXebn%2BQ5G7SRdWR3Ml%2FuyxcY89pbWE0k1HFBxZBUL04SwDzqiIjMCtJqHEUhylt2cDNTvwERWLdrt%2BwhALTin6tnDTCo60vD7%2FnH%2FjeOXYI4xClkxPR9RkOM8BrJaxVQsC77jSOoLT9EkSnq3rvm4hor461KQ%2BIQif5LqGP4pwAO4ONJu1WtSclRpe27sJv5nYgxn%2B%7Ctkp%3ABk9SR9TI27mbYg
2 +2 TUBE + SCREW FOR STRAP BAND 39MM AUDEMARS PIGUET ROYAL OAK OFFSHORE 25860ST,$29.95,https://www.ebay.com/itm/312684166533?hash=item48cd6dbd85:g:~qMAAOSwAX9e8Hsk&amdata=enc%3AAQAIAAAAwD0dhMFuBHmO1iAQ%2BNYpxM4BFIL8eJQMxGItvtBzgtg7kr%2B4u5KV5LiNgZyG7OrgQGrvgmDJTiTL9ZLXVgiKBsEMAqplUdBjGrmq1dAIQCc0rCch5YSjhDVFp1QjaEWF6q517ZCODfWIVBfjIbYPOzf3KDD5KiZIkew8jtgdmsUmjtyIHdZkbeUb8jCnf%2Bulmb3VXv7Qh9PsJYi8WtLpql5t22UC%2FVOCp9EoUjRJmrLL90XGWereHmU9dugINdlqEA%3D%3D%7Ctkp%3ABk9SR9TI27mbYg
Audemars Piguet - Label Watch - Watch Tag - Ref. 25860ST / Or / 1110ST/05,$57.56,https://www.ebay.com/itm/265709068645?hash=item3ddd7ea165:g:RVUAAOSwMz1gLPy6&amdata=enc%3AAQAIAAAA4PTOws4G8yTpvIbLcKvYHHZqhXN1i8kAS5rMmj%2FTsBfJ2pkYbAGoyrfKCQFhBGGD5F74Z%2B0REt0N%2Bsy%2F4dNwKdpn54yIHvAiH34CoNg9PBZ1aI%2BzRZV9op7IhbPx%2BRuQsMZC8NWSi63jvkkL4l0Rd8u4Jv1uuUXYQqV%2FnrKldkK2kQsK39e2NC5BsMzkHg4MSkDSmwAMQM15xF7ONGKEmN7TadTH9dz5D0vrP6opB65M4uK9kGG3hSA0l7eLe47tzYZyk%2FMaFeo7r47faavg1Bw01W6Flair%2BdDKNh2RzK3y%7Ctkp%3ABk9SR9TI27mbYg
Label Of Watch - Watch Tag Audemars Piguet Ref. 25860ST / Or / 1110ST/03,$92.11,https://www.ebay.com/itm/195624666250?hash=item2d8c23848a:g:nmwAAOSwJcZWeZiP&amdata=enc%3AAQAIAAAAwCZZR3We6MKz0i0ISGS45sdEcdMQdMR7%2BDIPAClJZG7dkaoYp4cry4axTfwKBjG6Bg15OyjiH3QP%2BAC2LutOjiAuL8eG3dAb%2BK201C%2FwQvBhFeaqVxaBoMz8v4ScBVSP7fHMkiGxuRmJHTF%2BFPyyX7QQfQ0UJ5SBrdwvPtvO8Ulrk3HTxJ0A%2BeQctlyVr6jcRYQYdqkvKBQQ0l679fwH25xs1sA8q03XwUSKTWL19aHGEAxcB9vsGvV7Btivf58Izw%3D%3D%7Ctkp%3ABk9SR9bI27mbYg
Label Of Watch - Watch Tag Audemars Piguet Ref. 25860ST / Or / 1110ST/01,$92.11,https://www.ebay.com/itm/204257225804?hash=item2f8eadec4c:g:wrAAAOSwZ1lWeZkh&amdata=enc%3AAQAIAAAAwDyEjUSdFlVpL59AF%2FfzXb4j6EifEZdogDUiC3SYLu%2FmL%2Bn7bWIm4nctcGb1mXTupJceJG%2B7KG1Y0GLfjsO%2BhyRfLHhLDvpdkU46LbX2vQPDBlBzV4MNgzdzo93PIyVmbAeifd09faXRIGYwGi3%2FgRXBrbV3LJtEm0s5C54g%2FPsVgpyfSYFVyblsRvg1XM1A9n%2FHXiHYdy1OXW6gh4nHQrw5eT0KaPVDle%2FRvsL8E0emlRaNqzUCLCGKTMuubAFSZw%3D%3D%7Ctkp%3ABk9SR9bI27mbYg
Audemars Piguet Royal Oak Chronograph 25860ST Steel Links 16.7mm wide,$313.54,https://www.ebay.com/itm/155178533941?hash=item24215c8435:g:N0QAAOSwaT5jMLLz&amdata=enc%3AAQAIAAAAwI9Y4TzhIobDz%2B566WxkSzqkNhnCog9vHEW1zO1j9bdYvl%2F9nH%2F%2BxU7KiEuaFzcjUxKzGcDPRF9tdzkvKGJRq7OiWW4gRXvZPzF1E3Gf2x%2F9u0iJXbsNQZ8TAXWSsxgk0WapFMN4Ogd83TCRC1gQZ%2BKEIk5xP7B9sjESGMf%2BjnGSrmydNT2nYhcoHZehjllCMU6euNefcX4FK66gQwYcWxjHeksSrbNaKjyCNMqeSopn1eF48UkQufuR0dJ5S3ic%2Fg%3D%3D%7Ctkp%3ABk9SR9jI27mbYg
Audemars Piguet Royal Oak REF 25860ST CROWN,$400.00,https://www.ebay.com/itm/404343292176?hash=item5e24bd0110:g:6V0AAOSwcORkeHSo&amdata=enc%3AAQAIAAAAwPoYvCtozhXGtFJxgC5xwk77ZLB9xssuV2WCKoHOkjHeEtnHheK%2BrJE%2BUFyrPwsYs%2F6K%2FeMZdjNBlJu2P9bxfuOHswF0W60%2BLudD%2BQky4Nld3lReccTWfSAmPJmeugx6rX85wcOiALqPJFGuXlpzNuV9FmmtaugPx9%2BTHboGFZP8RmAsxfxf2nB2%2BihPGQ2kb5dN5IQiy8EzIYcfWMGSXpCAOQyyIHGW6R4tEo%2FOQC%2FSOJQrQA4Wcg0Yeidpi6BpYA%3D%3D%7Ctkp%3ABk9SR9jI27mbYg
Audemars Piguet Royal Oak Kasparov 25860ST Black Dial 28.5mm Signed Stern,"$1,000.00",https://www.ebay.com/itm/266302839198?hash=item3e00e2d99e:g:DwIAAOSw-mlkWjf6&amdata=enc%3AAQAIAAAAwALkHK5Om4W%2FaAdg9cT4yBudGAAgKPi4wVWKDxU32RkortDKsGUmfe5GzJpF%2B8pCS6RBJOBMkfJM5nnqc28TQKxNUy1FX23TgwdTikOXK4cfd1ZMmSI9byty6KDNqpi0nDlPPP9ktbDhYkZ4MDteM4qcFLjRnES1fN6JsD11KzjcawwB4iLxdFt3Ul6PqdHeXlB7gH7Bt4wG6LgBgx4sOS9lpY6KBMbUbdV%2BlTgNlwy%2BwNr%2BAmEaRfJ2GKhHK4D2Hg%3D%3D%7Ctkp%3ABk9SR9jI27mbYg
Audemars Piguet Royal Oak Kasparov 25860ST Complete Hand Set Part,"$2,000.00",https://www.ebay.com/itm/266253941669?hash=item3dfdf8bba5:g:cKYAAOSwSP9kWjmN&amdata=enc%3AAQAIAAAAwHTO4qkLvPeRR9Y5cMAFUdxtDWmCIsOU0WX0JrbYoTdTezFC9Nltnjz0XcP3ClsDENzIGeb8fJPLlKOjiRgi06qUV%2Fn3GqxT72EWuEkrtixDLRhIHZs0J1epWx6bujZGvYURFv6p7Y1sEqX6RvDhQLmxz7%2FuHfMemi8Y5fPuS%2BrcFIkIPjaKSbJsa4LgWraIimqgIqVzXlhjJQ%2BEtZAVjSnxtubxMtM7WHpiEDvV3uaGUiPhfp3z6bp2C9IjQ8E%2Bjg%3D%3D%7Ctkp%3ABk9SR9jI27mbYg
Dial for Audemars Piguet Royal Oak Panda 39mm Kasparov 26300st 25860st,"$3,000.00",https://www.ebay.com/itm/265334334932?hash=item3dc728a5d4:g:gHwAAOSwvathUooZ&amdata=enc%3AAQAIAAAA4DIJQjODCqq39EnrVEz%2Bl2yrrQoE1iGV8%2BPpGbHl%2B5juyiKPEnXjGDvJreByP0A6TEnUVhOiuKJMjMxm3gTLh1eVCjYgjvn0YLqzZB%2BcGHpmbvZyae2644LEnN2eQZth6xEn7J9DKAxFVt4BbDnawJN%2BjM4CKBX8ZDyaEgDp5uIi7hE5P6oJxh8ZuCa2Y7FqKzeAcifp1uUGzzLGDjoceRwc3PkLOhWGyGOZ8FerTzTfnp4W23KxvszI9Vn7H3CUSOiEuozpXWXsLDWV4fwOo55C4Nayf9S7R4qhZNegqVrw%7Ctkp%3ABk9SR9jI27mbYg
Authentic Audemars Piguet Royal Oak Steel Bracelet Ref 25860ST,"$4,500.00",https://www.ebay.com/itm/404112251173?hash=item5e16f79925:g:JHQAAOSwwL1jxrn9&amdata=enc%3AAQAIAAAAwIACdTJQLZLjEfx9dnRj1sh2TzZC14GNHqq6dnl9rxP0RAnNdf51kihosGRaIJaTTGNr9y8tw1MOpLkzGf47iHEdI5eN7Fj2x5LhvdvAf62XS9KomIK3Ms0i8ZzZIPErJl3MbpgiJV3VgWojfiQ9pOaLPMJMnPA6ShZoeVn6f1kDELhRA6sMCbiMNQqm2skk5Z1K6bhG0I58sF%2FOHcF8D04AAKub2Kc8lqVBz4BjM64baC3H8CvHw4NDHW3GeYM0CA%3D%3D%7Ctkp%3ABk9SR9rI27mbYg
Audemars Piguet Royal Oak 25860ST MINT Steel Chronograph White Dial Watch 39mm,"$28,995.00",https://www.ebay.com/itm/195695006080?hash=item2d9054d180:g:8qsAAOSwTSxkK1IT&amdata=enc%3AAQAIAAAAwOdnOsyA1MwUIueFtEgsMV%2FbO8QNIdD96vNY9ISz5qsmbO6dnMoJltyjiKWAHpvb6u%2BzDdljtRSE0t8QzR35cvvwQDLNP1ooNdkEEwqXl1XlgcoOOzqsxMxH19Z5ame0QJ3NnqEUWueMQ0x9k0WXOnEpniGX8QvfLFLeVy%2B%2F%2FRF9ZThiKcb%2FnM9nqW5O874CNLLLstvKcOnaPDdYbBuqd0SBMf%2FC16eSITBjf3PkIQNBJwKuUFvi7gt3M%2BLBPhlC6w%3D%3D%7Ctkp%3ABk9SR9rI27mbYg
PREOWNED Audemars Piguet Royal Oak Chronograph 39mm 25860ST White Dial,"$29,500.00",https://www.ebay.com/itm/204281137033?epid=20059863195&hash=item2f901ac789:g:wokAAOSwwztkGgKr&amdata=enc%3AAQAIAAAA4EW1R3XdpCSxXwLUwxTGToqg0o%2Bc0e1Ay4FoJReFwX0c6Me2r5DKkRTuWg0CE3p9vqMKYoSKlncCEAQr9Cf8YdlGvw9%2By2MQF0yxN1OvnhtdBhHfUdvG1pBEbEPqPv2h9WBRY4nR5i6JKF%2BlLzbwGMf3KhhtIxY%2F0Yum60PXUgqmnW7dBxOguEtTnt7iG3DAel%2F7SyDyuf1%2Bw6JDEgb6qXbb%2FzY3lysZOAdWZcET6Ib5DRB4D1sIfgvm4NKyZkFToahwTpnLGF6HmDTNnmWHqxpqGje%2FSKclhoIlQfKygxlI%7Ctkp%3ABk9SR9rI27mbYg
Audemars Piguet Royal Oak White 39mm Stainless Watch 25860ST.OO.1110ST.05 B+P,"$32,993.23",https://www.ebay.com/itm/275843450405?epid=3051394972&hash=item40398d0625:g:cr0AAOSwijVkWppD&amdata=enc%3AAQAIAAAA4Dsc9nIT5vzedMv0SVYMR74MCH1FM7akQdtRFeBfySwuGo1CG3%2Fsrc%2BC3vA6d6lX1YkxeKJC5SJ3jAuoK02orzJM18MZJiqcQVA6TJmegleKshKLbZE0GpJM3sXBWEdgnOb6qY6zHHdLJoDixIGa6pKDcb4%2FdFakd786K05HA5kiw0%2ByDep5dKEdxCOBpAFiQnujUFOXZfGsVUsfB0uKTFXI9AaDhUBK0X6O9ppWERRZZk2gnvfX3gTG%2BQUIqytgQpPUR4fK2zfmB1pPr1Y4IZ1F%2FkA7iEDtppUTQkyho%2FGu%7Ctkp%3ABk9SR9rI27mbYg
AUDEMARS PIGUET ROYAL OAK CHRONOGRAPH 25860st.1110ST.05 #W309,"$35,006.40",https://www.ebay.com/itm/134612103921?hash=item1f5781b2f1:g:pkIAAOSwmdtkiXf2&amdata=enc%3AAQAIAAAAwHNvY97%2FosH3JAJBjhw4iZ2gLj8XquguJ91LW5WbHPHzIR5nQfMnKgkVEB9wHF0K8RseSGsAEZus5XyNPnP9%2FKlMxdEp4XM5H7vb%2FNM77RjECe%2F94U0U0otrGEzOFcLZmxrsI%2FLnJ7J90T7mczPLHwc1EOc%2Bx1%2FSfaXwdEfpIsWzQlQFbduA1ekhrlAj6xdKUJwekG9XNjcmJS5Z%2BQeuO9POUbO0nXOBj%2B8f2hRkZ%2BRz%2B6a%2Bs4i%2F427haKNvlq0gsQ%3D%3D%7Ctkp%3ABk9SR9rI27mbYg
MINT SERVICED AUDEMARS PIGUET ROYAL OAK 25860ST 39MM CHRONO STAINLESS  B&P,"$35,997.00",https://www.ebay.com/itm/275760684980?epid=3051394972&hash=item40349e1fb4:g:SmAAAOSwfIBkF0BQ&amdata=enc%3AAQAIAAAAwAkJnj2jhdddXoppoRmNyip73ZuzdRfBAR0PGejXn%2Fkla3ewjMJso7WSlRBLjAw3mXCku6zJYLDndIj5jMhai9SomC9Eiwo5CXVY4DaMd%2B%2FLh9DtQ8duC4DqvkVS2%2Bbnall4EHU%2BgksSVFPx6DSuokd%2FOiRPYho%2Fwdo8XesyF09VeXb%2FukyqvFLMSKqWkLqTNwI5rRiZjtvk%2BJ9mfT92z4%2B3xBCft0nRLapnhp6pgDJYNqCpW2tnVNZjxjYiTrGlyw%3D%3D%7Ctkp%3ABk9SR9rI27mbYg
Audemars Piguet Royal Oak Chronograph 39mm Stainless Steel 25860ST.OO.1110ST.04,"$37,848.48",https://www.ebay.com/itm/155558299446?hash=item2437ff4736:g:d90AAOSwfJRkZLH4&amdata=enc%3AAQAIAAAA4O3b6V16gN0MHp9WOQjD1I%2BBD9ZVFkOfQFZa7%2FW5iUWQDqOQKLbjDJklxj8I6JZP5s4mB3ofDEf099uQzllMQSJydkRQrBz%2B6Gm7XsGijgr2mkXJsDYD2LCq6eArNPOa99pWqjjEcJzaUMHrzTVYqonqmIPaQsJp6qwsTa5A6%2BrkP%2Fk5dm%2BNwdAdf4h2vLd6sDTCybMciR%2Fx%2BYrohD%2BEhhvCqmSWaoV6qwj07NHF9LXiWUY1iQ7g5SbMlbZV%2B%2FUsMfVD%2Fu4fJkZgxg0y00Z6AbR3aFBZRhL5KMn9TBVatd30%7Ctkp%3ABk9SR9rI27mbYg
PREOWNED Audemars Piguet Royal Oak Chronograph 39mm 25860ST.OO.1110ST Blue Dial,"$40,000.00",https://www.ebay.com/itm/204304188389?epid=12047066187&hash=item2f917a83e5:g:MC0AAOSwF3RkOFbY&amdata=enc%3AAQAIAAAA4FuzzaFCH6T2aiP6dJ2DpT7pamyYB%2B6Ab25jD6xyDirKwKsVl%2FZe%2FUiWtcAYO7xAQ4I87dUvkPNSKaD72IEpR%2F6a4heLGIKs1HNjvcarDcPxL14HYZKcgRxFyzofYyvUd8c9sGitAQ41koyAxbsVr09hQ%2Bvm2UUXdhU15IUHxb0NEs7ss%2FH0CqR34uGO6haRh%2BJxEXyZKlW9E%2Bc3ysxjr6MfOJ8y09Rrsnr7ifTR%2BF4ACx5h2Eknoxa61sLA1z5wOCWzm6MfyfhS%2FJOtPDw%2FwcSo7AGqWZ8uDXoSRI6J43wS%7Ctkp%3ABk9SR9rI27mbYg
AUDEMARS PIGUET ROYAL OAK 39 STAINLESS STEEL WATCH 25860ST.OO.1110ST.05 W009082,"$40,888.01",https://www.ebay.com/itm/325639669696?epid=4046961859&hash=item4bd1a307c0:g:gAkAAOSwB2pkUOyb&amdata=enc%3AAQAIAAAAwBXnV3G6pKPEHJ%2BR73vS8jY4Jrz5y1qI%2F0glmAKaGiocTxBRg6sd54Cbgph434Ra6u3sY196wFu2Q0Kv%2FKRsII8hkGFq%2F1WJArsmIiULrC543vOeuzoQ%2B%2BaUdYVeflLZJE0ymxI3l7E%2B2Kd4VXe5WwOtP%2FmGbIjksptaOHgPrMRzTqh2tUX7LPFx7PKHvif%2F3BpIAb%2FMNUGrZM7Jf4%2BifSfcbc6zhPv1j81il0Z9MmtTnznHzBEW%2BM5UxnElCj4epw%3D%3D%7Ctkp%3ABk9SR9rI27mbYg
Audemars Piguet Royal Oak Chronograph Auto Steel Mens Watch 25860ST.OO.1110ST.03,"$40,950.00",https://www.ebay.com/itm/295066420655?epid=12047066187&hash=item44b35445af:g:tFAAAOSwnChkiLzY&amdata=enc%3AAQAIAAAA4PBEFIuL%2FTKkCtsDOi7mXZpsBb61k3ROVx5QHjimPFclrtRFOBOW596VxrHLvX7ArhYVY4XsQAnk2xynu6UfuEgbJYRpLM0HJLp2QMwxY3Fpak2TOyv1NrymsU3iFqXxMyCPMpmeD6Yd%2B1Rm3C5cVDKI9XgsmanwKDRz2FL1akdLV0AIU7VLiTB5tu0nYtf1OWMV%2Bauo4SvF82tmn6rhA3fKiTt1mPWk39d03sa%2BChHOwzlLSojl2Xiv7cP8MVDdxcdXpfAqHqO0eCgPb2Jr70ndTLaix%2F%2BcctebUm1lUYhn%7Ctkp%3ABk9SR9zI27mbYg
Audemars Piguet Royal Oak 39 Chrono Watch White Box/Papers 25860ST.OO.1110ST.05,"$43,888.00",https://www.ebay.com/itm/364129971023?epid=3051394972&hash=item54c7d66b4f:g:5XcAAOSw0LRgZKgf&amdata=enc%3AAQAIAAAA4J4wo2b3UUUsp2IyrAPGL014ojY1MzvxYXwh7o2U4vgc3O4ide0i90GpEbNA4ef73hWfHNeghm81kO0Xte3wRGy1K57ZGg9GcJV%2By8IbTW2%2FxEPlanLiymHEMna%2FDmX9jKsnRoBMJq912yCfBA8IkMZsCYkum%2BYuBAyFh3ZrKVHVRWU%2FgUFxIO9ES4m6h6fCtkOQtCQ1I%2Bq1RCSIS%2BOlDggwWStOdWTW4RalRq3t%2FYW8XUr3u5%2Fyyo2SK2%2Bc11LceEccxJCqAqxVnzEScz%2Bln%2FelOEpWw%2FZG7FMLBhRT2xzV%7Ctkp%3ABk9SR9zI27mbYg
Audemars Piguet Royal Oak 25860ST Blue Dial Mens Watch With Papers,"$44,099.00",https://www.ebay.com/itm/235014299266?hash=item36b7f19e82:g:Pj8AAOSwy5FkZMji&amdata=enc%3AAQAIAAAA4KVd5PmDos1Rinm8QcAlRiLCRj1E9gzlCjJbz5SrB0ltmjUMfZUCxELAtp8kMTPLAqz6we9YLWPjgfnqPIMAHXpzLhilzca7fOJLmiTuBwDf1xJ39MEPw84TNdaEtA6a6vKhO213GciAHeQKA7qaqlzR7DbvUyJwyJCjeTiA3CI%2BjFJuY1%2BVO0nt7VeCKTiDY2iA4zeEmyBS3V%2FbDbL2mDyzdSa4fukTSZnJo6aZlqxdA5%2Bj83NgmlMK7SZGLVt1%2FZkAwgM1oD9s9%2FA5W5Tak7%2BO2v05fPBLfuqYqhcwim4R%7Ctkp%3ABk9SR9zI27mbYg
AUDEMARS PIGUET  KASPAROV' ROYAL OAK WATCH 25860ST.OO.1110ST.03 W009183,"$44,727.26",https://www.ebay.com/itm/225580693158?epid=22047357473&hash=item3485a836a6:g:bN4AAOSw~epkZLQV&amdata=enc%3AAQAIAAAA4BMKAqvRtVghD7RklkSZT4fhGJoosQhEQ47Jt1Vvq%2BSci9DnwlBWQeI8nmOuB1DC7xQ32jOwOqJcXMiBf9h0pCRV%2BoxEgKWyiqclqmOSnSdfPoTytD3VMdhHdmR1at4ZlcK%2B8j%2Fr5HYVlk75tZvBIyz7Ek%2BDAGanXZ8FHJ6bld%2Bx7OZDNksAtIFn6OpJqTEWJ8mYKfNEHfRv%2BwOvuh%2BpxUmkl1rOstfEiaYceFTyxytu82Ka%2FdGYWTE4zoCfCl5ZGdUAgLqJ4%2FzxPd88qmSO2SdUwnnotwL6hbmAbL%2BF0I8K%7Ctkp%3ABk9SR9zI27mbYg
Audemars Piguet Royal Oak 25860ST KASPAROV Blue Dial Mens Watch With Box Papers,"$45,000.00",https://www.ebay.com/itm/325696663139?hash=item4bd508ae63:g:mKAAAOSwXmJkjIWn&amdata=enc%3AAQAIAAAA4C3T4w1UgD0vwwFT9rw8kUR9Yox5yFpsro3s3f3di7r7O7S0whd9sT6mVUQAy5a4%2Bq3HPJJ9gzYOHLu1CJ1kEjDcrLPTtUziIIOi4wNC5BF7Ogebf%2BlOrOPoCzS8h9RF3eo03EdZ9Isx%2B5R%2Fk4t15cdLRTgzw9auQbanW5VVh25%2BcmzxTC1TLMuZQ8PjbcQI24O48V4ypYuzbtY8tNG42PBNPnHPbImQpHaMc8P7hHAmlO0Z9exoxAMBWV0uS10tiMnXXkWjf%2FWAW6aunQcT8ZPxKBCzqxblm%2BlYjBzfR%2F1C%7Ctkp%3ABk9SR9zI27mbYg
Audemars Piguet Royal Oak 25860ST Blue Dial Mens with Papers,"$48,299.00",https://www.ebay.com/itm/225491386123?epid=24051525248&hash=item3480557f0b:g:isoAAOSw3jBkG1xt&amdata=enc%3AAQAIAAAA4CxbQLJsgdeMMbdfdZqpEbAe7GsjuC%2F9Ul5%2FGvBr30eTPYYe%2B%2B7aK115yoLIbQKotK2h9%2F4OxmOYquVtN2414BlQ9KQKW64P9riMcijGRCb0VECtNmFl%2BJOsmsDmfu8Izutryhi1N2xR4JAFAmdMStMOC%2FJQvNcVDpOBeW72m5qp9x8gMy4HNiaUijcfDgQ78tOVD%2FET4n3JDLnfQ0BTYB%2BL63GlEkZwajjqDMpKHVyXBkzpRKT91U%2B8nzGeyp9VHitpTDrbcxNEonkRj09fx%2FOczaBqgKJ4JWYQcU3wb%2Bli%7Ctkp%3ABk9SR9zI27mbYg
Audemars Piguet Royal Oak Chronograph 25860ST.OO.1110ST.05 White Dial Automatic,"$48,995.00",https://www.ebay.com/itm/134112385920?epid=3051394972&hash=item1f39b89b80:g:wz8AAOSwhNZieSBj&amdata=enc%3AAQAIAAAA4LcAilXTNsgKdDUxGy5bJnFMfFfIyCQi%2FxgfS0Nn242mY8ugT4DnTARMTtvhhmCuW%2Buyov67DREZXLXFHwstIkEwOJceq1s6m5cJT0RPoT3QV5AuWtizNP7NdpNORQk3li3WioWf2Wbejnp1DxxOSVX2mE7r3Isj1c0lfa6sQaRumd1Zem7Vjai4X10YshIK0YC8sZvmG9aaZv0vZnSuzJLla%2BUYBBUZojBQlgGiqhpk7y%2FtofvV0sm%2BVYMHdFUJXaO8dGpi4drWIOxLiLL44OhOQL%2Bx6KkTWgaztL5WaIde%7Ctkp%3ABk9SR9zI27mbYg
"Audemars Piguet Royal Oak Chronograph Stainless Steel, Preowned-25860ST.OO.1110S","$51,000.00",https://www.ebay.com/itm/255439436595?epid=12047066187&hash=item3b79607b33:g:yvIAAOSwDrNiMkLK&amdata=enc%3AAQAIAAAA4MqdvRH1RnXaVTCNRAO4vxeBy32EGP0BvVZbSBfLBc7JY%2B4mdJgfti8IPKLNthWhJntU1GYWgpoFRAgyVfWgEkmy3YiDlROH2SRHlGThOucHhUfsr4MuIsmOisO4I06zVP%2FR659VL9F8FJvkaeXLM99ejFMV4rTxgq40MLrAYowG%2FFM7wQNvCVBE1oaumKZZSAWBullldmrhRHgfYz7jj%2FChHz%2B0aL3Isr0mWVgzezxVB2%2Bjg94KBG0Hv96GMqaDCvkTfhjhQclB6gzvKbAGy6oxScxKOIxwfceHzGYHGsnZ%7Ctkp%3ABk9SR9zI27mbYg
AUDEMARS PIGUET ROYAL OAK SILVER MEN'S WATCH - 25860ST ,"$53,900.00",https://www.ebay.com/itm/363576531529?hash=item54a6d99a49:g:uSgAAOSwUz5hZICW&amdata=enc%3AAQAIAAAA4D6B%2Bfv29lMzhBvLA%2BFF1EBkAzEnmGBSuBcDlDhecyul457z0lSx3EXECzkoI3JZZ%2BMBdLVQraIg02YkoGB4pgWT%2BG6TvCV9KG7y1ebINs7GceJTWGuA%2FyreIA3N%2FChaQBxNkduCRAmWkVjZCrZiD7XLgicMj2oUcKJzXrnTGyUhdUjokOTI9OldQ7IrQOwn88SvpGSXPE6508%2ByVopThJ7wrs0zd9PG5dpL1Uh2KdbG5oSkzCM9dmQEKxm7MVwrjrrcEs5kgBx9EJnzBLJ4VCf34rzhOOyEhFk2zmJSf0b6%7Ctkp%3ABk9SR97I27mbYg
Audemars Piguet Royal Oak 39 mm Blue Dial Chrono Stainless Diamond Watch 25860ST,"$58,500.00",https://www.ebay.com/itm/125089176894?epid=12047066187&hash=item1d1fe55d3e:g:xugAAOSw8VBh2KA3&amdata=enc%3AAQAIAAAAwJeetc9TZO%2BMkZsRSFgWlQvCbM4ChjAPVuUAKZNWO30bTlog6t7CyJ8zQOcjHeYq4ycgQGeaqWz4qrNYLRTIOgEQIqeRuZTjJ5rvYVy7EEgJqQMCo43IhdUIL5HHO5YAmJXlIWSOGih7Wysn7ixRpUqFtgdtxoxpT6YhMkuHwzEVTTLNbxfUmNHt6qgmbFaOcSOXHkQlyxQ1%2FKLuTVbYxjl%2Bo6Nc1P82Z2sIIaJ8gTQk0LqVoK8ToitBmSxA3in3tg%3D%3D%7Ctkp%3ABk9SR97I27mbYg
Audemars Piguet Royal Oak Chronograph 39mm Mens Watch 25860ST.OO.1110ST.04,"$73,895.00",https://www.ebay.com/itm/175153877356?epid=13051558728&hash=item28c7fc116c:g:xoQAAOSwnFZXVNuH&amdata=enc%3AAQAIAAAAwK8FHuKHbSJ46BjraU8SwWwik1MWLvFTMUP3zrJwW6dtcq3EQBsNddaK%2ByLOY0WTY6gB65lm%2BR30HvYejsdMqSMeqBrTSt0C0CyCNksAnWfN6i9rNOzYTfsMOo%2Bs9BscHQzZWWOupTVrybBkRgjGnsl4g%2FQs43RU9HVw29qif93n7Q%2FhMtZE8D4OGnAy9HkidK9WIDMrixGfLGUBQ%2Fb%2FRdAQRmBvfDXDfvDBM1RSaPkey%2F1dNSeh2XBcsE%2F6s6KrNQ%3D%3D%7Ctkp%3ABk9SR97I27mbYg
Audemars Piguet Royal Oak Chronograph 39mm Silver Dial 25860ST.OO.1110ST.05,"$73,895.00",https://www.ebay.com/itm/175163353181?epid=19043318333&hash=item28c88ca85d:g:rQ0AAOSwCI5cPRdj&amdata=enc%3AAQAIAAAA4BY3axyIdsGRR4rEGUi1vTVufaRoON8hgdVGvgoJoI0wiSBkZGRptpaD%2BBmhcwGo0qXY1X9Pjozx09H5eGuPQa1YQynrNdhJdCM6ZddkccYJ5KV%2B4CBkBNHqeZm2B1mHaohjq5uSqyvPFUz%2FDdzkCIp4LhMne3IZQ%2BZQ7c7y2SdruclPGaMXyC3KqSegRnY8EVa0Jt8f%2BfYw4RJ2ttuMRVdr3fMriVrIWrRbMKwK0Lce4%2BSwkNdN1%2Bc0%2FSeGOBweqFzAqZmdL6ANscFpp1PH9Bze0DZK%2FQfihU%2BFXHMImXR6%7Ctkp%3ABk9SR97I27mbYg
Audemars Piguet Royal Oak Chronograph Blue Boutique 25860ST.OO.1110ST.01 39mm,"$73,995.00",https://www.ebay.com/itm/185300259142?epid=18057399291&hash=item2b24c19146:g:88QAAOSwgUVcq4~x&amdata=enc%3AAQAIAAAA4EIaM0tWkXlIZzBtnl0jUzyGIpkIncA4haC4BvxDa6Qpavr5H0LvmleID6%2BGNHZ%2BKgAWocGW8ZdCq3rSLdfum%2B1%2FduRIbssWnN80XCzOMBFZzJ6ImWVOaihk1OfC8l0VuPOf%2FPmle7WDL9ZiA3HQvJrnV3er7uzSGw0K5RreQPJSWA%2BZGrprNlAjCvSipWT3URfS0p1d5GQHQW1I66FmyluszKL1R3wYKRK%2BNt3dYpdpZpZNwthlqaV2sjwjWGUB95TaHcogbW5PsURg9RIhuKuk2RStftbSSPPXcdhXqyNz%7Ctkp%3ABk9SR97I27mbYg
Audemars Piguet Royal Oak Chronograph 39mm Silver Dial 25860ST.OO.1110ST.05,"$73,895.00",https://www.ebay.com/itm/175163353181?epid=19043318333&hash=item28c88ca85d&amdata=enc%3AAQAIAAAA8Hnd4U5HI9lvQWjHFKTbTeL75%252FQXfkpNKgfM9M6RuRtJbR6bOxcSXOXdFkZFnKDnULW%252BN5aRqbwCcKonjth4h1sVgvS8W1bOq0RoX2KVprGLp3BU0kwEmKY%252BwfGxCqiQZAHBhHpwe29YEChTrSvbYNQqXT9HDMZzkV1YFZtZ7Hw1r8IJu2CAFZZB2RsceqNDauKfWrDaYL%252FGf2FcpL5ON%252FzzEZ0x8USjO8pKvZKWwXGe0YwL%252Bg3%252B1T62rSB%252FSOoFqHO0kbw26m2l0KiBYS1o9yrnqOAGGjDFeV4L4zeX3BOsQBgrVtqPldYC5PUYjxwbTw%253D%253D%7Campid%3APL_CLK
Audemars Piguet Royal Oak 39 Chrono Watch White Box/Papers 25860ST.OO.1110ST.05,"$43,888.00",https://www.ebay.com/itm/364129971023?epid=3051394972&hash=item54c7d66b4f&amdata=enc%3AAQAIAAAA8DR0rz7S2cb0UCvWL3ttklSnVzZIbRF5izFNGB6DmTPE8eeEKS7idGU1OezRlj%252BhScP5IUF0%252F6MOB9CksSSf8OoUtP36h5Fi223LUC%252FK7Ikw2AmgDnxBNECbZ8O%252BJGIBLFgKkD3hGQG4R1eSR5gFOz9Tkg1wJl2GoHr40XV5LV5K3jY8t%252FfaDmnzub5CgpfeRPFP5G09BO21LHluzoWLv2PPOuAjr%252B1UJAlxpdrXkvJg0cJm9R4VwEaOrkaWdwt80PHY6E3BPTaedmLsY%252F75Q2lemqIN1kEERVDTgybrJY%252Ba51ijXfcsRfa7hjbUBdf6UA%253D%253D%7Campid%3APL_CLK
